slug,name,type,service_category,region,tags,phone,website,email_1,address,street,postal_code,latitude,longitude,rating,reviews,working_hours,about,photo,facebook,instagram,place_id
newlife-confinement-services-pte-ltd,NewLife Confinement Services Pte Ltd (Confinement Center/ Nanny Service),Pregnancy care center,Nanny Agency,West,wheelchair-accessible,+65 9173 8162,http://www.nlconfinementnanny.com.sg/,enquiry@nlconfinementnanny.com.sg,"123 W Coast Cres, Singapore 126779",123 W Coast Cres,126779,1.2990992,103.7647903,4.9,333,"{""Monday"": [""9am-10pm""], ""Tuesday"": [""9am-10pm""], ""Wednesday"": [""9am-10pm""], ""Thursday"": [""9am-10pm""], ""Friday"": [""9am-10pm""], ""Saturday"": [""9am-10pm""], ""Sunday"": [""9am-10pm""]}","{""Service options"": {""On-site services"": true}, ""Accessibility"": {""Wheelchair-accessible car park"": true}, ""Amenities"": {""Toilet"": true}, ""Planning"": {""Appointments recommended"": true}}",https://lh3.googleusercontent.com/gps-cs-s/APNQkAFlwbGC7UbQD9EqIU5SmAeJm2floCim1pot-UjlqWEFPRkAjxrcJFNlpnvig6K4VuVZfaSYc862wYoSAqBb1euvchVJe5BuMACxPhHjoGDDdNhLYwEaCSs5S9mcbTPY30sE3bo=w800-h500-k-no,https://www.facebook.com/NewLifeConfinement,,ChIJN2nqm5UW2jERkPG2c1vbDHc
kai-singapore,KAI Singapore,Pregnancy care center,,Central,wheelchair-accessible,+65 8877 0222,https://kaisingapore.com/,info@kaisuites.com.sg,"26 Dunearn Rd, Singapore 309423",26 Dunearn Rd,309423,1.3154152,103.8378403,4.7,108,"{""Monday"": [""8:30am-7:30pm""], ""Tuesday"": [""8:30am-7:30pm""], ""Wednesday"": [""8:30am-7:30pm""], ""Thursday"": [""8:30am-7:30pm""], ""Friday"": [""8:30am-7:30pm""], ""Saturday"": [""8:30am-7:30pm""], ""Sunday"": [""8:30am-7:30pm""]}","{""Service options"": {""On-site services"": true}, ""Accessibility"": {""Wheelchair-accessible car park"": true, ""Wheelchair-accessible entrance"": true, ""Wheelchair-accessible seating"": true, ""Wheelchair-accessible toilet"": true}, ""Amenities"": {""Toilet"": true}, ""Planning"": {""Appointments recommended"": true}, ""Payments"": {""Credit cards"": true, ""Debit cards"": true, ""NFC mobile payments"": true}, ""Children"": {""Nursing room"": true}}",https://lh3.googleusercontent.com/gps-cs-s/APNQkAH0gPHqUEw7p9BnvjQPb1FabqWT-__0LcAcPUg2By1nbPCCPXd29WCUs_go0EC2fd9R7GzMr-pFKlZnmkUlFPZLza8pCTCYL_QhePadaOoIgrd_COucxieKIp3c0i-kcWL6voae=w800-h500-k-no,https://www.facebook.com/kaisgsg/,https://www.instagram.com/rislesg,ChIJj_p0GO8Z2jERxOEVLUWxN9M
four-trimesters,Four Trimesters,Pregnancy care center,,Central,wheelchair-accessible,+65 9664 4565,http://www.fourtrimesters.com/,ginny@fourtrimesters.com,"361 Holland Rd, Singapore 278637",361 Holland Rd,278637,1.3198635,103.7811326,5.0,60,"{""Monday"": [""9am-9pm""], ""Tuesday"": [""9am-9pm""], ""Wednesday"": [""9am-9pm""], ""Thursday"": [""9am-9pm""], ""Friday"": [""9am-9pm""], ""Saturday"": [""9am-9pm""], ""Sunday"": [""9am-9pm""]}","{""Accessibility"": {""Wheelchair-accessible car park"": true}, ""Amenities"": {""Toilet"": true}, ""Planning"": {""Appointments recommended"": true}}",https://lh3.googleusercontent.com/gps-cs-s/APNQkAHYONe15sO7okU9cNRiAnZOVsXPvRx2yFwXRvSflnorpJh4GtBAIj-IZblnpBpEMFgTuJWed5_RZq1oto47WlVr3-LYK_pw2t-Gl9RMuO2O0PsiaUxnLIELub5NL4-BMv1hKMYfaA=w800-h500-k-no,https://www.facebook.com/fourtrimesters/,https://www.instagram.com/fourtrimestersbirthsanctuary,ChIJLXQD1Woa2jER3ArPDH67K8I
mother-child,Mother & Child,Pregnancy care center,,Central,,+65 6836 0063,https://www.motherandchild.com.sg/,info@motherandchild.com.sg,"163 Tanglin Road, Tanglin Mall, #03 - 109, 247933","163 Tanglin Road, Tanglin Mall, #03 - 109",247933,1.305035,103.823845,4.8,152,"{""Monday"": [""9am-5:30pm""], ""Tuesday"": [""9am-5:30pm""], ""Wednesday"": [""9am-5:30pm""], ""Thursday"": [""9am-5:30pm""], ""Friday"": [""Closed""], ""Saturday"": [""9am-5pm""], ""Sunday"": [""Closed""]}","{""Service options"": {""On-site services"": true}, ""Amenities"": {""Toilet"": true}, ""Planning"": {""Appointments recommended"": true}, ""Payments"": {""Debit cards"": true, ""NFC mobile payments"": true, ""Credit cards"": true}, ""Children"": {""Nursing room"": true}, ""Parking"": {""Paid multi-storey car park"": true, ""Paid parking lot"": true}}",https://lh3.googleusercontent.com/gps-cs-s/APNQkAGFD6PgDPt8It63ibWVhFA_wF7V5-SYh1iY6g6DFxInSxQoYoCVt5fIEJ8p-2xcvKCje2IEoXjYkpBm8ivl-2sC6f104qPvOdGdjVMYvdTC-v53kTiA0fQ68ONhbtVveOcPLoN3=w800-h500-k-no,https://www.facebook.com/motherandchildsingapore,https://www.instagram.com/motherandchildsingapore,ChIJVaxrUIoZ2jERYTUPS0Cm250
star-confinement-best-nanny-agency-singapore,STAR Confinement - Best Nanny Agency Singapore,Pregnancy care center,Nanny Agency,East,,+65 9889 7985,https://starconfinementnanny.com.sg/,starconfinement@gmail.com,"57 Ubi Ave 1, #03-03 Ubi Centre, Singapore 408936","57 Ubi Ave 1, #03-03 Ubi Centre",408936,1.3248583,103.895088,4.9,1425,"{""Monday"": [""9am-9pm""], ""Tuesday"": [""9am-9pm""], ""Wednesday"": [""9am-9pm""], ""Thursday"": [""9am-9pm""], ""Friday"": [""9am-9pm""], ""Saturday"": [""9am-9pm""], ""Sunday"": [""9am-9pm""]}","{""Amenities"": {""Toilet"": true}, ""Planning"": {""Appointment required"": true, ""Appointments recommended"": true}, ""Payments"": {""Debit cards"": true, ""Credit cards"": true}}",https://lh3.googleusercontent.com/gps-cs-s/APNQkAFVYkdY39Cwd1Adu28LHX-aBKpIT1pfTWxomu2QLr8Nvxkc-FV3wTo4lHwCGvr0ygfIa8zzzpbp1rE-iv6NwmHLJRL6ojkHepezuvswCitocZmrd7OVdPTlDf3idhebLxNAuB0w4jwHzbIH=w800-h500-k-no,https://www.facebook.com/star.confinement/,https://www.instagram.com/starconfinementnanny,ChIJcYmHWWsZ2jERDeBp8rrMS2o
confinement-nanny-confinement-angels-pte-ltd,Confinement Nanny - Confinement Angels Pte Ltd,Child care agency,Nanny Agency,Central,wheelchair-accessible,+65 8101 6688,https://confinementangels.com.sg/,gynaemd@singnet.com.sg,"76 Playfair Rd, #01-04 LHK2 Building, Singapore 367996","76 Playfair Rd, #01-04 LHK2 Building",367996,1.3363436,103.8859079,4.8,1992,"{""Monday"": [""9am-7pm""], ""Tuesday"": [""9am-7pm""], ""Wednesday"": [""9am-7pm""], ""Thursday"": [""9am-7pm""], ""Friday"": [""9am-7pm""], ""Saturday"": [""9am-7pm""], ""Sunday"": [""Closed""]}","{""From the business"": {""Identifies as women-owned"": true}, ""Service options"": {""On-site services"": true}, ""Accessibility"": {""Wheelchair-accessible seating"": true, ""Wheelchair-accessible toilet"": true}, ""Parking"": {""Paid parking lot"": true}, ""Other"": {""Identifies as women-owned"": true}}",https://lh3.googleusercontent.com/gps-cs-s/APNQkAGhy1lllJDJ-QFZSBer4dwr_GPHp244NAaNMYJs2ipnN8T4bcjQZiKP5soGVuI-pMa-aAp4eM2Y7_DbxrODnum3EQ2YeppWzwm9IFyQL1qHfM3I7yV19Wo7qP-RGxYcc98Y6qWA=w800-h500-k-no,https://www.facebook.com/ConfinementAngels,https://www.instagram.com/p,ChIJZwlzNr0P2jERl2B7-Hl2hQ0
derama-singapore,DeRAMA Singapore,Pregnancy care center,,Central,24-hour,+65 8076 0889,https://derama.sg/,info@sserenitycare.com,"9 Cuscaden Rd, #12th Floor, Singapore 249719","9 Cuscaden Rd, #12th Floor",249719,1.305764,103.827012,4.8,51,"{""Monday"": [""Open 24 hours""], ""Tuesday"": [""Open 24 hours""], ""Wednesday"": [""Open 24 hours""], ""Thursday"": [""Open 24 hours""], ""Friday"": [""Open 24 hours""], ""Saturday"": [""Open 24 hours""], ""Sunday"": [""Open 24 hours""]}","{""Amenities"": {""Toilet"": true}, ""Planning"": {""Appointments recommended"": true}}",https://lh3.googleusercontent.com/gps-cs-s/APNQkAGoPXQi6TfX9hzt8snyr3f9N0GsHkMDufuCGZ__y4b7JkAZQAsEXtK4OSf4_yQRCjIMKnsjjmtKolyEtW3esrLmcfpQZp_J7iHNClTQ1hxK0sC92-fHgoE1bpJMKhzJ1xhKoFVbFslfc0XA=w800-h500-k-no,https://www.facebook.com/people/,https://www.instagram.com/derama_singapore,ChIJKzw8Qo8Z2jER7jlQWu8262A
bmb-holistic-maternity-wellness,bmb Holistic Maternity Wellness,Pregnancy care center,Postnatal Services,Central,,+65 6235 0688,https://beautymumsbabies.com/,enquiry@beautymumsbabies.com,"290 Orchard Road #05-07A, Podium, #2 Paragon, 238859","290 Orchard Road #05-07A, Podium, #2 Paragon",238859,1.3039053,103.8355763,4.9,409,"{""Monday"": [""10am-9pm""], ""Tuesday"": [""10am-9pm""], ""Wednesday"": [""10am-9pm""], ""Thursday"": [""10am-9pm""], ""Friday"": [""10am-9pm""], ""Saturday"": [""10am-9pm""], ""Sunday"": [""10am-9pm""]}","{""From the business"": {""Identifies as women-owned"": true}, ""Service options"": {""On-site services"": true}, ""Amenities"": {""Toilet"": true}, ""Planning"": {""Appointment required"": true, ""Appointments recommended"": true}, ""Payments"": {""Credit cards"": true, ""Debit cards"": true, ""NFC mobile payments"": true}, ""Other"": {""Identifies as women-owned"": true}}",https://lh3.googleusercontent.com/gps-cs-s/APNQkAHNeZsYlhPozSxW4oVAIq5TNwyb_VCuP3xkv1uxRoBzhwWU26eONNbAp0p6R10kAgaiN-vcXFskFOic72cNjd_bDKiHpArk0iFICXMEeaIqCrhE1IEEB3cCcQ3d0Bia6h-EHQ8=w800-h500-k-no,https://www.facebook.com/beautymumsbabies/,https://www.instagram.com/beautymumsnbabies,ChIJSfioSpIZ2jERd5x3tCPG1Pc
addition-women-wellness,Addition Women Wellness,Pregnancy care center,Postnatal Services,Central,,+65 9776 3994,https://addition.sg/,enquiries@addition.sg,"435 Orchard Rd, #17-05 Office Tower Wisma Atria, Singapore 238877","435 Orchard Rd, #17-05 Office Tower Wisma Atria",238877,1.3037148,103.8332642,4.9,313,"{""Monday"": [""10am-8pm""], ""Tuesday"": [""10am-8pm""], ""Wednesday"": [""10am-8pm""], ""Thursday"": [""10am-8pm""], ""Friday"": [""10am-8pm""], ""Saturday"": [""10am-6pm""], ""Sunday"": [""Closed""]}","{""From the business"": {""Identifies as women-owned"": true}, ""Service options"": {""On-site services"": true}, ""Amenities"": {""Toilet"": true}, ""Planning"": {""Appointment required"": true, ""Appointments recommended"": true}, ""Payments"": {""Credit cards"": true, ""Debit cards"": true, ""NFC mobile payments"": true}, ""Parking"": {""Paid multi-storey car park"": true}, ""Other"": {""Identifies as women-owned"": true}}",https://lh3.googleusercontent.com/gps-cs-s/APNQkAHyCmgl_LvS5AddX80RfdagyY5Q2azaDH3U4r7E-D5djiyKz6akmkzo6eCGVwaCsls8B_9bop3wOfackL-_BPc1-pmbrJnIxjyXXYoZ5nWomQ712blDuJmShuuCGeNgMO0kfn2xP37S-yfP=w800-h500-k-no,,https://www.instagram.com/addition_pre_post_partum,ChIJ41nPcmkZ2jERiqfqJWGZWNg
confinement-mama-confinement-nanny-singapore,Confinement Mama | Confinement Nanny Singapore,Pregnancy care center,Nanny Agency,East,,+65 9611 2888,http://www.confinementmama.sg/,sales@confinementmama.sg,"67 Ubi Rd 1, #06-13 Oxley Bizhub, Singapore 408730","67 Ubi Rd 1, #06-13 Oxley Bizhub",408730,1.332056,103.8908216,4.9,49,"{""Monday"": [""9am-7pm""], ""Tuesday"": [""9am-7pm""], ""Wednesday"": [""9am-7pm""], ""Thursday"": [""9am-7pm""], ""Friday"": [""9am-7pm""], ""Saturday"": [""9am-7pm""], ""Sunday"": [""9am-7pm""]}","{""Amenities"": {""Toilet"": true}}",https://lh3.googleusercontent.com/gps-cs-s/APNQkAH4_S43x6y5upk2GITt3DS6xXaNymxtJSa1WdIOeHRalB9WaoU2uABHmSmH-7n-P3Ciojqy8PQJaXpS6RC6wSlEaUwIiyxGLZzTkB2PAGclrLyWn-RFg0NgMKOCGuJMWKo8c7LK6w=w800-h500-k-no,,,ChIJ5w1gMWm2MCYRgSnXVRnV_WE
hatched-confinement-oasis,Hatched Confinement Oasis,Pregnancy care center,,Central,wheelchair-accessible,+65 8951 5538,https://www.hatched.com.sg/,hello@hatchplus.com.sg,"11 Orchard Turn, Singapore 238800",11 Orchard Turn,238800,1.3029191,103.8326532,4.8,57,"{""Monday"": [""9am-6pm""], ""Tuesday"": [""9am-6pm""], ""Wednesday"": [""9am-6pm""], ""Thursday"": [""9am-6pm""], ""Friday"": [""9am-6pm""], ""Saturday"": [""9am-1pm""], ""Sunday"": [""Closed""]}","{""From the business"": {""Identifies as women-owned"": true}, ""Accessibility"": {""Wheelchair-accessible car park"": true, ""Wheelchair-accessible seating"": true, ""Wheelchair-accessible toilet"": true}, ""Amenities"": {""Toilet"": true}, ""Crowd"": {""LGBTQ+ friendly"": true, ""Transgender safe space"": true}, ""Planning"": {""Appointment required"": true, ""Appointments recommended"": true}, ""Children"": {""Nursing room"": true}, ""Other"": {""LGBTQ+ friendly"": true, ""Identifies as women-owned"": true}}",https://lh3.googleusercontent.com/gps-cs-s/APNQkAEtPzbGhVTq3vT2Q3LpUy2nSttudOAv4ZaKUwF0_S5dJafuzt-eaQBZT-RVGvIf3jvCIO0syXiQ8ow7FaZPxSi7xaoKNF2VBdqSbVaPbMYbRyVUigZ2nQWNC10xSeMg6dUk-4La=w800-h500-k-no,,,ChIJGcBtO2kZ2jERHUhHzw3RwKc
thomson-parentcraft-centre-lactation-consultants-breastfeedi,"Thomson ParentCraft Centre - Lactation Consultants, Breastfeeding Consultations, Antenatal courses",Pregnancy care center,Postnatal Services,Central,wheelchair-accessible,+65 6251 4090,https://www.thomsonmedical.com/courses-and-workshops%3Futm_source%3Dgoogle%26utm_medium%3Dlocal,Cfitzg6505@aol.Com,"1 Thomson Road, Balestier Hill Shopping Centre, #01-346, Thomson Rd, Singapore 300001","1 Thomson Road, Balestier Hill Shopping Centre, #01-346, Thomson Rd",300001,1.3256709,103.84272,5.0,257,"{""Monday"": [""8:30am-5:30pm""], ""Tuesday"": [""8:30am-5:30pm""], ""Wednesday"": [""8:30am-5:30pm""], ""Thursday"": [""8:30am-5:30pm""], ""Friday"": [""8:30am-5:30pm""], ""Saturday"": [""8:30am-12:30pm""], ""Sunday"": [""Closed""]}","{""Service options"": {""On-site services"": true}, ""Accessibility"": {""Wheelchair-accessible car park"": true, ""Wheelchair-accessible entrance"": true, ""Wheelchair-accessible seating"": true, ""Wheelchair-accessible toilet"": true}, ""Amenities"": {""Gender-neutral toilets"": true, ""Toilet"": true}, ""Planning"": {""Appointment required"": true, ""Appointments recommended"": true}, ""Payments"": {""NFC mobile payments"": true}, ""Children"": {""Nursing room"": true}, ""Parking"": {""Paid street parking"": true}}",https://lh3.googleusercontent.com/gps-cs-s/APNQkAElJB-b6m9RLkOErvAEkETQW_PSQNsyCezYaOmxX3nl3wjemha2SJwvLq-UILrLZFvjHE6RFKG_CoMTZnt9zxSd0xFpEaqcGkXq8xb0vOh5QNbkbxxET7uH8ckLtvH7KqN-Gz8X=w800-h500-k-no,http://www.facebook.com/thomsonmedical,,ChIJQ87hyeEZ2jERhSUMf3rrZsA
parentlink-singapore,ParentLink Singapore,Pregnancy care center,,West,wheelchair-accessible,+65 9012 0071,http://www.parentlink.org/,shayna@parentlink.org,"15 Tham Soong Ave, Singapore 597031",15 Tham Soong Ave,597031,1.3427724,103.7741274,4.6,9,"{""Monday"": [""9am-9pm""], ""Tuesday"": [""9am-9pm""], ""Wednesday"": [""9am-9pm""], ""Thursday"": [""9am-9pm""], ""Friday"": [""9am-9pm""], ""Saturday"": [""Closed""], ""Sunday"": [""9am-9pm""]}","{""Service options"": {""On-site services"": true}, ""Accessibility"": {""Wheelchair-accessible car park"": true}, ""Amenities"": {""Toilet"": true}, ""Planning"": {""Appointments recommended"": true}}",https://streetviewpixels-pa.googleapis.com/v1/thumbnail?panoid=9rI95ioKAPucGN_r-4Vr7A&cb_client=search.gws-prod.gps&w=800&h=500&yaw=258.52643&pitch=0&thumbfov=100,https://www.facebook.com/pages/,,ChIJq6r6r8oX2jERwPaz8aC_Cm4
super-nanny-services,Super Nanny Services (Confinement Nanny),Child care agency,Nanny Agency,Central,,+65 9125 0024,http://www.supernannyservices.com.sg/,info@supernannyservices.com.sg,"290 Orchard Road, Tower 1, #14-09 Paragon, 238859","290 Orchard Road, Tower 1, #14-09 Paragon",238859,1.3039054,103.8355763,4.8,60,"{""Monday"": [""9am-9pm""], ""Tuesday"": [""9am-9pm""], ""Wednesday"": [""9am-9pm""], ""Thursday"": [""9am-9pm""], ""Friday"": [""9am-9pm""], ""Saturday"": [""9am-9pm""], ""Sunday"": [""9am-9pm""]}",,https://lh3.googleusercontent.com/gps-cs-s/APNQkAE47iS8O8aNeQdlaHEkKWmN7PlFrRnQPuVwf2GUVz0mIbZPB639UaXAnQRxVJS-AngwfyVy94dsO9634QB6cgZmt6lQX3_7xegACYJphxh7EDFEkvd9C5KrTIZ_bPRmZvDE286G=w800-h500-k-no,http://www.facebook.com/pages/,,ChIJrXJ2jYwZ2jERji9TDfogOOk
aunty-sg-confinement-nannies-and-babysitting-services,Aunty SG - Confinement Nannies and Babysitting Services,Child care agency,Nanny Agency,Central,,+65 9755 1350,https://aunty.sg/%3Futm_source%3Dgoogle%26utm_medium%3Dgbp%26utm_campaign%3Dgbp_profile%26utm_content%3Dwebsite_button,hello@aunty.sg,"10 Raeburn Prk, #02-08, Singapore 088702","10 Raeburn Prk, #02-08",88702,1.273309,103.833495,4.9,335,"{""Monday"": [""9am-6pm""], ""Tuesday"": [""9am-6pm""], ""Wednesday"": [""9am-6pm""], ""Thursday"": [""9am-6pm""], ""Friday"": [""9am-6pm""], ""Saturday"": [""Closed""], ""Sunday"": [""Closed""]}",,https://lh3.googleusercontent.com/gps-cs-s/APNQkAG6MaOGPTFvIoFMlGjiM4EEFgaBSc-62oVRTvSBZkUzSIujjuHIsKwjSARUoEiSE51qZL5dPD4T3iI0FWG6z7eXeVphTXhb0M9NaQFtk_vBffX3b7GkEg_60JMY4p5uiGZB0CsKQS9JRGOp=w800-h500-k-no,https://www.facebook.com/auntysg/,https://www.instagram.com/aunty.sg,ChIJT8H_FxHZYa8RCiJ9qAqMkrA
professional-partum-care-tcm,Professional Partum Care TCM (Home Service),Pregnancy care center,Postnatal Services,West,wheelchair-accessible,+65 8822 3026,https://www.facebook.com/zxxhappy,mummybabycaretcm@gmail.com,"803B Keat Hong Cl, Singapore 682803",803B Keat Hong Cl,682803,1.3732769,103.7434881,5.0,11,"{""Monday"": [""10am-8pm""], ""Tuesday"": [""10am-8pm""], ""Wednesday"": [""10am-8pm""], ""Thursday"": [""10am-8pm""], ""Friday"": [""10am-8pm""], ""Saturday"": [""10am-8pm""], ""Sunday"": [""3-6:30pm""]}","{""From the business"": {""Identifies as women-owned"": true}, ""Accessibility"": {""Wheelchair-accessible car park"": true}, ""Amenities"": {""Toilet"": true}, ""Planning"": {""Appointment required"": true, ""Appointments recommended"": true}, ""Other"": {""Identifies as women-owned"": true}}",https://lh3.googleusercontent.com/gps-cs-s/APNQkAH3cHgbVAqaTznh3z_gRROdhVntrAzjRCqbjw7qds5AyUOu9xxIr_rZt8XpkMdjl3gg9lRd294rWYDoLFZo0OHoQx-jGQ_go8ErOm1lipgPv_TfLQ-KCsmt2LZlrSTTgFr1mQ0kBJYu2-yR=w800-h500-k-no,https://www.facebook.com/zxxhappy,,ChIJIR6R4kUR2jERxc8y_MpYzSU
motherlove-ngee-ann-city,Motherlove Ngee Ann City (SchöneMama),Pregnancy care center,,Central,wheelchair-accessible,+65 6904 5448,http://www.motherlove.com.sg/,support@motherlove.com.sg,"391 Orchard Road, Ngee Ann City Tower B #05-20, 238873","391 Orchard Road, Ngee Ann City Tower B #05-20",238873,1.3039993,103.8317285,4.8,729,"{""Monday"": [""10am-8pm""], ""Tuesday"": [""10am-8pm""], ""Wednesday"": [""10am-8pm""], ""Thursday"": [""10am-8pm""], ""Friday"": [""10am-8pm""], ""Saturday"": [""10am-8pm""], ""Sunday"": [""10am-8pm""]}","{""Accessibility"": {""Wheelchair-accessible car park"": true, ""Wheelchair-accessible entrance"": true}, ""Amenities"": {""Toilet"": true}, ""Planning"": {""Appointments recommended"": true}, ""Payments"": {""NFC mobile payments"": true}}",https://lh3.googleusercontent.com/gps-cs-s/APNQkAGHlcSgWXS08QfNgDfpQWS7id7Sd9ATZf7eHjTUmp0m2B1DJb7WKBHFV7KbM7PV9o-lcUeAsOvUnZE3ECu5M79N37NbmmdlwBQ69ReShG43gM3nTwA3xgcIDWHHKwoTEQ7qSAbwMshVxjKE=w800-h500-k-no,,,ChIJlXUnny0Z2jERxH4McxoD7a4
baby-s-whisperer,Baby's Whisperer (Confinement Nanny Agency),Pregnancy care center,Nanny Agency,Central,,+65 8816 9013,https://www.babyswhisperer.com/,hello@babyswhisperer.com,"339 Thomson Rd, Thomson Medical Centre, Booth Opposite Information Counter, 307677","339 Thomson Rd, Thomson Medical Centre, Booth Opposite Information Counter",307677,1.3254629,103.8414575,3.9,61,"{""Monday"": [""9am-6pm""], ""Tuesday"": [""9am-6pm""], ""Wednesday"": [""9am-6pm""], ""Thursday"": [""9am-6pm""], ""Friday"": [""9am-6pm""], ""Saturday"": [""9am-1pm""], ""Sunday"": [""Closed""]}","{""Amenities"": {""Toilet"": true}, ""Planning"": {""Appointments recommended"": true}}",https://lh3.googleusercontent.com/gps-cs-s/APNQkAEBhN2Gr2s7cWDojePuhHRKY8F1fNAblCuKw2jKzv-NMZnpySCF3SDGc0cQbC3SaOTa8zFxEossRMZRB0bKix-DFjPcqwQ5fWfuIefviW6cy6sdiIHh-hCyMgCs1SVXAdkGJaU4t84AfcI=w800-h500-k-no,https://www.facebook.com/Babyswhisperer,https://www.instagram.com/Babyswhisperer,ChIJbwAkv3kW2jERi36M2fwSnvE
re-joy-suites,Re'Joy Suites,Wellness hotel,,Central,,+65 8019 2222,https://rejoy.sg/,info@rejoy.com.sg,"106 Braddell Rd, Singapore 359912",106 Braddell Rd,359912,1.3445868,103.8651819,4.8,92,,,https://lh3.googleusercontent.com/gps-cs-s/APNQkAEQmtag1eTR7W6S9CcID5Y2aTCXr30cpfQe2owCBd2dtGELHDoO8zEmFPtDakFIQ3ZJORDrEmnqF2yDN4BHY13PLNSu-ZW2yP8GfkXGjjFcYQi2UosEHS3gIk7ULA2nIkFdgsc=w800-h500-k-no,https://www.facebook.com/rejoysuites,https://www.instagram.com/rejoysuites,ChIJ4_da_roX2jERxvRuKKO_T6Y
momley-loft,momley LOFT,Wellness center,Postnatal Services,East,"24-hour,wheelchair-accessible",,https://www.momleyloft.com/,hello@momleyloft.com,"Aranda Country Club Executive Suites Level 3, 60 Pasir Ris Dr 3, 519497","Aranda Country Club Executive Suites Level 3, 60 Pasir Ris Dr 3",519497,1.3774022,103.9536536,4.7,89,"{""Monday"": [""Open 24 hours""], ""Tuesday"": [""Open 24 hours""], ""Wednesday"": [""Open 24 hours""], ""Thursday"": [""Open 24 hours""], ""Friday"": [""Open 24 hours""], ""Saturday"": [""Open 24 hours""], ""Sunday"": [""Open 24 hours""]}","{""Service options"": {""On-site services"": true}, ""Accessibility"": {""Wheelchair-accessible car park"": true}, ""Payments"": {""Debit cards"": true, ""NFC mobile payments"": true, ""Credit cards"": true}, ""Parking"": {""Free parking lot"": true}}",https://lh3.googleusercontent.com/gps-cs-s/APNQkAHhK4QICeqk-bapy5v7ERHnNUhnt24YygzabTzTwoCrtNWAESRV0qm56k4WFC4EvpZhdOVuqMbeRDdyosXdIYQFVMOLXpB5nMjMTYkZ16VJzuye5GSdbQ_HTwCNTf3UsBwOMCHo=w800-h500-k-no,https://www.facebook.com/100192935566740,,ChIJRVRTAZA92jERlJE4XGWaRO4
pem-confinement-nanny-agency-pte-ltd,PEM Confinement Nanny Agency Pte Ltd,Child care agency,Nanny Agency,North,,+65 6293 9249,https://pemconfinement.com/,sulynchay@pemconfinement.com,"7 Gambas Cres, #09-10 ARK@Gambas, Singapore 757087","7 Gambas Cres, #09-10 ARK@Gambas",757087,1.444887,103.8128722,4.9,6556,"{""Monday"": [""10am-7pm""], ""Tuesday"": [""10am-7pm""], ""Wednesday"": [""10am-7pm""], ""Thursday"": [""10am-7pm""], ""Friday"": [""10am-7pm""], ""Saturday"": [""10am-7pm""], ""Sunday"": [""10am-7pm""]}",,https://lh3.googleusercontent.com/gps-cs-s/APNQkAH2D-T-DpvSVbVK05epbsC23OEMew-5S3rE0U2ABx_FroCe-SbIdG3h3zpWBFcEMOLl3EN1BanwXlufokzURtAGRu3g7UO-Z3Ku_8iMuyMXBaY0AgEjSak4sWbOJAq5kPNrRU03SPxm6FyH=w800-h500-k-no,https://www.facebook.com/PEMConfinementNanny/,https://www.instagram.com/pemconfinementnanny,ChIJkauC0awT2jERL2ZZwsygdpY
confinement-nanny-newbubs-confinement-pte-ltd,Confinement Nanny - NewBubs Confinement Pte Ltd,Pregnancy care center,Nanny Agency,Central,,+65 8912 8282,https://www.newbubs.sg/,sales@newbubs.sg,"601 MacPherson Rd, #08-17 Grantral Mall/Grantral Complex@Macpherson, Singapore 368242","601 MacPherson Rd, #08-17 Grantral Mall/Grantral Complex@Macpherson",368242,1.3335017,103.8871113,4.9,267,"{""Monday"": [""9am-6pm""], ""Tuesday"": [""9am-6pm""], ""Wednesday"": [""9am-6pm""], ""Thursday"": [""9am-6pm""], ""Friday"": [""9am-6pm""], ""Saturday"": [""Closed""], ""Sunday"": [""Closed""]}","{""Amenities"": {""Toilet"": true}, ""Planning"": {""Appointment required"": true}}",https://lh3.googleusercontent.com/gps-cs-s/APNQkAEspiSh1rVAGMzJlissncmDv9lfhaD5xcjNOy0M0JSNpoTUFwKd2VmIQaZXO6aMyE1ESvCwvLxyHFfv7Y1zWjMEouoyhxNIFwDq7DqfiRNWUzjNwlVU9R0REbk5SP47am5M-J9y_m9awA7z=w800-h500-k-no,,https://www.instagram.com/newbubs.sg,ChIJQdlnWZChdWgRH8cTRTzbIxM
the-clover-suites-pte-ltd,The Clover Suites Pte Ltd,Pregnancy care center,,East,24-hour,+65 9722 5076,http://www.thecloversuites.com/,sales@thecloversuites.com,"697 E Coast Rd, #02-01, Singapore 459060","697 E Coast Rd, #02-01",459060,1.3120331,103.9221254,4.8,68,"{""Monday"": [""Open 24 hours""], ""Tuesday"": [""Open 24 hours""], ""Wednesday"": [""Open 24 hours""], ""Thursday"": [""Open 24 hours""], ""Friday"": [""Open 24 hours""], ""Saturday"": [""Open 24 hours""], ""Sunday"": [""Open 24 hours""]}","{""Amenities"": {""Toilet"": true}, ""Planning"": {""Appointments recommended"": true}, ""Payments"": {""Debit cards"": true, ""NFC mobile payments"": true, ""Credit cards"": true}}",https://lh3.googleusercontent.com/gps-cs-s/APNQkAHxh0nBRteQtJViF8mkOE2drCacp12BS933in7_zYWO37cZ3F9L8Uk_Fn1Ny19K2v9BI_2claMcvBJD3IJM4tSi8YuQbZHpnbp6ASqE0zeLEijWBPQI4I5br9ss28bcoQ9dEGAMJw=w800-h500-k-no,,,ChIJk7ITn5cj2jERxyE4qcfk46w
my-queen-prenatal-and-postpartum-wellness-centre,My Queen | Prenatal and Postpartum Wellness Centre,Pregnancy care center,Postnatal Services,Central,"24-hour,wheelchair-accessible",+65 8028 8186,https://www.myqueen.asia/,dpo@acpcomputer.edu.sg,"23 Bch Vw Rd, Palawan Ridge Sentosa Island, 098679","23 Bch Vw Rd, Palawan Ridge Sentosa Island",98679,1.2531961,103.8194919,4.9,96,"{""Monday"": [""Open 24 hours""], ""Tuesday"": [""Open 24 hours""], ""Wednesday"": [""Open 24 hours""], ""Thursday"": [""Open 24 hours""], ""Friday"": [""Open 24 hours""], ""Saturday"": [""Open 24 hours""], ""Sunday"": [""Open 24 hours""]}","{""From the business"": {""Identifies as women-owned"": true}, ""Service options"": {""On-site services"": true}, ""Accessibility"": {""Wheelchair-accessible entrance"": true, ""Wheelchair-accessible seating"": true, ""Wheelchair-accessible toilet"": true}, ""Amenities"": {""Toilet"": true}, ""Planning"": {""Appointment required"": true, ""Appointments recommended"": true}, ""Payments"": {""Credit cards"": true, ""Debit cards"": true, ""NFC mobile payments"": true}, ""Children"": {""Nursing room"": true}, ""Other"": {""Identifies as women-owned"": true}}",https://lh3.googleusercontent.com/gps-cs-s/APNQkAFU17ET1q7xXc7ML95ltqurl9yRjHItxabVkcq7ZMYBB6LDlTqcH3oj8mD5XsbuUG1zpWWFSK4DROvKRl89WnmJOo-nmHKSijYB4MBSKhKNtunEh697sh1MviI8SPPIlayKehfD=w800-h500-k-no,,,ChIJb4laPB4b2jERtSpaMwEoXYk
ratu-confinement-sgs-1st-muslim-nanny-agency,Ratu Confinement SG’s 1st Muslim Nanny Agency,Employment consultant,Nanny Agency,East,"24-hour,halal-friendly,wheelchair-accessible",+65 8930 7824,http://ratu.sg/,,"10 Ubi Cres, #06-26 Ubi Techpark, Singapore 408564","10 Ubi Cres, #06-26 Ubi Techpark",408564,1.3264632,103.896365,5.0,379,"{""Monday"": [""Open 24 hours""], ""Tuesday"": [""Open 24 hours""], ""Wednesday"": [""Open 24 hours""], ""Thursday"": [""Open 24 hours""], ""Friday"": [""Open 24 hours""], ""Saturday"": [""Open 24 hours""], ""Sunday"": [""Open 24 hours""]}","{""From the business"": {""Identifies as women-owned"": true}, ""Accessibility"": {""Wheelchair-accessible seating"": true, ""Wheelchair-accessible toilet"": true}, ""Other"": {""Identifies as women-owned"": true}}",https://lh3.googleusercontent.com/gps-cs-s/APNQkAFIRFtCdtdN6J8pf2DFKbAnujPOci9u60sZOmQN5Sb1Ko_UK_fcAivWmMYrsEhc8BikbyM-AyOBv2lGGyd5tziBL0v2YS_lk1MbhjtWI2uOhLY9AOP9O354KCPAsVw5mYwm-kvIC7fK-94=w800-h500-k-no,,https://www.instagram.com/ratuconfinement.sg,ChIJZUaSeGMZ2jERfclBbsADT0M
rejoy-suites,Rejoy Suites (Confinement Centre),Wellness hotel,,Central,,+65 8019 2222,https://rejoy.sg/,info@rejoy.com.sg,"3 Croucher Rd, Singapore 359566",3 Croucher Rd,359566,1.3448691,103.8653108,4.2,27,,,https://lh3.googleusercontent.com/gps-cs-s/APNQkAHEpImhLMl-g7ROCJ12XWh8zputqwoP5FXSNZvJlUd0DYzDVV9HIj2z3IOWT1YgessO_2KqwpGjES9RQw-2BiRG4k8oEoAgkFaYZnzEvAZWzmEV8zblGYJ3SkW9Tsqg4t_uxj-PBFu0GFjs=w800-h500-k-no,https://www.facebook.com/rejoysuites,https://www.instagram.com/rejoysuites,ChIJbSo6nYAX2jERDvfQRq3mEUQ
shan-confinement,Shan Confinement,Shopping mall,,North-East,,+65 8891 8909,https://shangourmet.com/,hello@shangourmet.com,"183 Jln Pelikat, B1-19 The Promenade, Singapore 537643","183 Jln Pelikat, B1-19 The Promenade",537643,1.3554603,103.8881644,4.4,21,"{""Monday"": [""9am-6pm""], ""Tuesday"": [""9am-6pm""], ""Wednesday"": [""9am-6pm""], ""Thursday"": [""9am-6pm""], ""Friday"": [""9am-6pm""], ""Saturday"": [""9am-6pm""], ""Sunday"": [""9am-6pm""]}",,https://lh3.googleusercontent.com/gps-cs-s/APNQkAEV21_XPmmSEF_cE5hKcmwHvjKqYDrp12n-wRPefCfLT9vjHLLz_Zs7p-gYGpiSmbqikRHk88muhDjMPvjVYPNs8lD-7dbGSjnAlE8WYXxK9oaAJbhIZnZldaVRzxwL9ZK3jTBtAQ=w800-h500-k-no,https://www.facebook.com/shanconfinement/,https://www.instagram.com/shanconfinement,ChIJo0C31Y4X2jERdOBY0SnA4Fc
nannysos-confinement-nanny-agency,NannySOS Confinement Nanny Agency,Child care agency,Nanny Agency,East,,+65 6817 2479,https://www.nannysos.com.sg/,admin@nannysos.com.sg,"750 Chai Chee Rd, #01-07A, Singapore 469000","750 Chai Chee Rd, #01-07A",469000,1.3236275,103.9221943,4.7,114,"{""Monday"": [""9am-7pm""], ""Tuesday"": [""9am-7pm""], ""Wednesday"": [""9am-7pm""], ""Thursday"": [""9am-7pm""], ""Friday"": [""9am-7pm""], ""Saturday"": [""9am-7pm""], ""Sunday"": [""9am-7pm""]}",,https://lh3.googleusercontent.com/gps-cs-s/APNQkAEvVgKhhoZMo4fTcCXQYX692mVj3yMw8WIiFKd77SHMl3vGEvwphWwWuv038gEzzhGO6Uj1k7O41WXr2tYAYRpOLEuAIfRohzwTGUeb67zHymkagw4O8kR8ki7lr1tb-502ONo-UQ=w800-h500-k-no,,,ChIJHwECoQUQ2jERHlyUWtbX3hs
xpress-confinement-nanny,Xpress Confinement Nanny,Child care agency,Nanny Agency,East,,+65 8066 0396,https://xpressconfinement.com.sg/,hello@xpressconfinement.com.sg,"865 Mountbatten Rd, #01-63 Katong Shopping Centre, Singapore 437844","865 Mountbatten Rd, #01-63 Katong Shopping Centre",437844,1.3037611,103.9008959,4.8,102,"{""Monday"": [""10am-7pm""], ""Tuesday"": [""10am-7pm""], ""Wednesday"": [""10am-7pm""], ""Thursday"": [""10am-7pm""], ""Friday"": [""10am-7pm""], ""Saturday"": [""10am-7pm""], ""Sunday"": [""10am-7pm""]}",,https://lh3.googleusercontent.com/gps-cs-s/APNQkAHzoPNxd0fswg_fuY0imaWhc37CvzvJeDrNH5Y41SUAK50NLFrxfH7vnzNN85ompxaKlU01EnpPzH7NMLdSGA-6jubkP0-aGKKfkzuqA_mjnTbNwNFJTGuZMOzLPKU_RhyWFziIMFRJpxNu=w800-h500-k-no,,,ChIJ4dcelygZ2jER7euphUdqdjM
elitemom-me-confinement-nanny-pte-ltd,EliteMom & Me Confinement Nanny Pte. Ltd. 坤禧陪月,Child care agency,Nanny Agency,North-East,,+65 9028 6288,https://www.elitemomandme.com.sg/,enquiry@elitemomandme.com.sg,"22 Sin Ming Ln, Singapore 573969",22 Sin Ming Ln,573969,1.3590493,103.8339116,5.0,14,"{""Monday"": [""9am-7pm""], ""Tuesday"": [""9am-7pm""], ""Wednesday"": [""9am-7pm""], ""Thursday"": [""9am-7pm""], ""Friday"": [""9am-7pm""], ""Saturday"": [""9am-12pm""], ""Sunday"": [""Closed""]}",,https://lh3.googleusercontent.com/gps-cs-s/APNQkAEicnwIk-PJCboI1eAxdsMQW6ImBfDjv0zDLxxvdh76BzxiXPjHD-zzGLnd9MY9Q3cxMp8M6Z-HYIA03mLK7DlYokxcVAZNypFX6jNETJ3s4rjbq7Nx1t9b3E8zE_ptA4Ujib6doCO_fJhc=w800-h500-k-no,,https://www.instagram.com/elitemomandme,ChIJeWQIu2tWZCMRtwxFI4yEW98
compass-one,Compass One,Shopping mall,,North-East,wheelchair-accessible,+65 6819 0733,http://www.compassone.sg/,dpo@compassone.sg,"1 Sengkang Square, Singapore 545078",1 Sengkang Square,545078,1.3920064,103.89505,4.2,10202,"{""Monday"": [""10am-10pm""], ""Tuesday"": [""10am-10pm""], ""Wednesday"": [""10am-10pm""], ""Thursday"": [""10am-10pm""], ""Friday"": [""10am-10pm""], ""Saturday"": [""10am-10pm""], ""Sunday"": [""10am-10pm""]}","{""Service options"": {""On-site services"": true}, ""Accessibility"": {""Wheelchair-accessible car park"": true, ""Wheelchair-accessible entrance"": true, ""Wheelchair-accessible toilet"": true}, ""Offerings"": {""Arcade games"": true}, ""Amenities"": {""Toilet"": true, ""Wi-Fi"": true}, ""Payments"": {""Credit cards"": true, ""Debit cards"": true, ""NFC mobile payments"": true}, ""Children"": {""Has changing table(s)"": true, ""Nursing room"": true, ""Playground"": true}, ""Parking"": {""Free parking lot"": true, ""Paid multi-storey car park"": true, ""Paid parking lot"": true, ""Paid street parking"": true}}",https://lh3.googleusercontent.com/gps-cs-s/APNQkAElI_OIKEB1GAkBS4gARb8LgUrXgQZZAitSRUmvtLeCTBahvOq9JdbJlQlI8i0r6pRrnLvl2BUAZdn7BZN2LeIyrulhfq1gnb7r3GoTU-pCPRqVGKyajTdfdc16-6SFO-0qKGj7kA=w800-h500-k-no,https://www.facebook.com/1127794003926968,,ChIJy5hMcg8X2jERZ88iA4l4aBY
tian-wei-signature,Tian Wei Signature,Caterer,Confinement Food,North,,+65 6727 5599,http://www.tianweisignature.com/,sales@tianweisignature.com,"81 Tagore Ln, #01-11 TAG A, Singapore 787502","81 Tagore Ln, #01-11 TAG A",787502,1.3872462,103.8296223,4.7,1628,"{""Monday"": [""9am-7pm""], ""Tuesday"": [""9am-7pm""], ""Wednesday"": [""9am-7pm""], ""Thursday"": [""9am-7pm""], ""Friday"": [""9am-7pm""], ""Saturday"": [""10am-7pm""], ""Sunday"": [""10am-7pm""]}","{""Service options"": {""Delivery"": true, ""Takeaway"": true}, ""Accessibility"": {""Wheelchair-accessible car park"": false, ""Wheelchair-accessible entrance"": false}, ""Payments"": {""Debit cards"": true, ""Credit cards"": true}}",https://lh3.googleusercontent.com/gps-cs-s/APNQkAFzvnu77LzB0s5ww3T_cfPk8WKb8T7kHnc4w1Qh5pkliXhDuC9kJrf5GKQ-aDP37Ez1CCAV0sbABBfRbvts3a8SwwFGxBPe6GWctK4ASYxBU7K2JTusuzS56w8ubgsca7DnF7cr=w800-h500-k-no,https://www.facebook.com/tianweisignaturesg/about,https://www.instagram.com/tianweisignaturesg,ChIJO7b9v5Ua2jERSYkB2_JnK84
josian-services-confinement-nanny-agency,Josian Services - Confinement Nanny Agency,Child care agency,Nanny Agency,Central,24-hour,+65 9746 1883,http://www.confinementnanny.com/,jo@confinementnanny.com,"147A Selegie Rd, Singapore 188313",147A Selegie Rd,188313,1.3030204,103.8498537,3.0,2,"{""Monday"": [""Open 24 hours""], ""Tuesday"": [""Open 24 hours""], ""Wednesday"": [""Open 24 hours""], ""Thursday"": [""Open 24 hours""], ""Friday"": [""Open 24 hours""], ""Saturday"": [""Open 24 hours""], ""Sunday"": [""Open 24 hours""]}","{""From the business"": {""Identifies as women-owned"": true}, ""Other"": {""Identifies as women-owned"": true}}",https://lh3.googleusercontent.com/gps-cs-s/APNQkAEpY8tKJ7OwcqE0pY6dE-e--MNHwQNL5L5swP36abpCTeNVBofkhyMmY9ddJxW6T8zyR4-w1xrNrh5OOg8puFIdEOjVAt6EZBe6dS6Uvjb6BRdf9Mt40adv62d8IkknUU8deV0H=w800-h500-k-no,,,ChIJa7baHLwZ2jERy39_tTbaD7o
tsm-maid-confinement-nanny-agency-maid-and-confinement-nanny,TSM Maid & Confinement Nanny Agency | Maid and Confinement Nanny Service,Child care agency,Nanny Agency,East,,+65 6337 1793,http://www.tsmnanny.com/,inquiries@tsmnanny.com,"623 Aljunied Rd, Aljunied Industrial Complex, Singapore 389835","623 Aljunied Rd, Aljunied Industrial Complex",389835,1.324914,103.8793753,4.8,30,"{""Monday"": [""8am-5pm""], ""Tuesday"": [""8am-5pm""], ""Wednesday"": [""8am-5pm""], ""Thursday"": [""8am-5pm""], ""Friday"": [""8am-5pm""], ""Saturday"": [""Closed""], ""Sunday"": [""Closed""]}","{""From the business"": {""Identifies as women-owned"": true}, ""Other"": {""Identifies as women-owned"": true}}",https://lh3.googleusercontent.com/gps-cs-s/APNQkAE2U37r7U54E060Qh81xrDeGZ-OIQ7EvBmy7m2gZ6i8ydNOXEQSW3aZBR799SlLR_g8NAEKIZoPJPaX0CW_fWTtWxcAzqZ1B4TlG98kIC7VefFBFRJnMe1SmCWFfegIg-GNPOG32g=w800-h500-k-no,https://www.facebook.com/207207300029457,,ChIJVVUVBZwT2jERhqO_CDniMhQ
postnatal-massage-singapore-pte-ltd,Postnatal Massage Singapore Pte Ltd,Massage therapist,Postnatal Services,North,,+65 6417 9690,https://www.pnsingapore.com/,admin@pnsingapore.com,"7 Gambas Cres, #09-09 ARK@Gambas, Singapore 757087","7 Gambas Cres, #09-09 ARK@Gambas",757087,1.4451027,103.8128413,4.9,2832,"{""Monday"": [""9am-6pm""], ""Tuesday"": [""9am-6pm""], ""Wednesday"": [""9am-6pm""], ""Thursday"": [""9am-6pm""], ""Friday"": [""9am-6pm""], ""Saturday"": [""9am-6pm""], ""Sunday"": [""9am-6pm""]}","{""Service options"": {""On-site services"": true}, ""Planning"": {""Appointment required"": true}}",https://lh3.googleusercontent.com/gps-cs-s/APNQkAFMXTpJghvcuc1MntTYYYcTfWsT2qmvCg-gmiwrT5x9zC2ikH-YBPKGnHfTohK5WWH_wmQGm35uS3cybRL5KlGLhAZNlsfSpwB5H_DtGLrQQI4TeZhxE509nwNsgK93FA5GKxgn=w800-h500-k-no,https://www.facebook.com/postnatalmassagesingapore/,https://www.instagram.com/pnsg_postnatalmassagesingapore,ChIJ66upz6wT2jER-7k-8v4s2wM
nouriche,NouRiche,Caterer,Confinement Food,North,,+65 6980 5707,https://www.nouriche.sg/,sales@richfoodsg.com,"8A Admiralty St, #02-01 (Unit B FoodXchange @ Admiralty, Singapore 757437","8A Admiralty St, #02-01 (Unit B FoodXchange @ Admiralty",757437,1.4629971,103.8142723,4.9,627,"{""Monday"": [""9am-6pm""], ""Tuesday"": [""9am-6pm""], ""Wednesday"": [""9am-6pm""], ""Thursday"": [""9am-6pm""], ""Friday"": [""9am-6pm""], ""Saturday"": [""9am-6pm""], ""Sunday"": [""9am-6pm""]}","{""Service options"": {""Delivery"": true, ""Takeaway"": true}}",https://lh3.googleusercontent.com/gps-cs-s/APNQkAG2VspcEtbSrQBHSJUZh9HKvr_zWh6HBAMSPUJPVM1p-ar43q96gCCl84PNnXJ95My7HmAyMSaGQnLNjV8TEf7zAaUlFFeaM9UDaUqCkuZ7jRUgVL1Ck8D37h-qagpDmi7ZOvYy=w800-h500-k-no,https://www.facebook.com/NouRicheConfinementMeals,https://www.instagram.com/nouricheconfinementmeals,ChIJm2MKPpwT2jERQ3CTQuzp_7Y
mom-s-cooking-pte-ltd,Mom's Cooking Pte Ltd,Delivery Chinese restaurant,Confinement Food,North,wheelchair-accessible,+65 6755 4466,https://www.momscooking.com.sg/,enquiry@momscooking.com.sg,"15 Woodlands Lp., #02-16 Woodlands East Industrial Estate, Singapore 738322","15 Woodlands Lp., #02-16 Woodlands East Industrial Estate",738322,1.4486037,103.8087025,4.7,667,"{""Monday"": [""9am-5pm""], ""Tuesday"": [""9am-5pm""], ""Wednesday"": [""9am-5pm""], ""Thursday"": [""9am-5pm""], ""Friday"": [""9am-5pm""], ""Saturday"": [""Closed""], ""Sunday"": [""Closed""]}","{""Service options"": {""No-contact delivery"": true, ""Delivery"": true, ""Takeaway"": true}, ""Accessibility"": {""Wheelchair-accessible car park"": true}, ""Payments"": {""Credit cards"": true, ""Debit cards"": true}}",https://lh3.googleusercontent.com/gps-cs-s/APNQkAGqX34SGBi3LyI_Z0gQ3N6eSpbJMDJFn9_w9uIFP7TgCL7O_QCxosEzUq4s1SW8rMaDDH6sushji2d4LcXzjF5_vg_0uPtbTpDqTDv4rzolVJdza5ZpYWDTfbKwiX5Q-RPVpPn83V6cmU-O=w800-h500-k-no,https://www.facebook.com/MomscookingSingaporeFoodDeliveryService/,https://www.instagram.com/momscookingsingapore,ChIJaz6yHXAT2jERiCx3jP7yCX0
gladys-care-1987,Gladys Care 1987,Child care agency,Nanny Agency,Central,24-hour,+65 8318 1949,https://nanny.sg/,gladys0854@gmail.com,"Bukit Merah Vw, Singapore 150129",Bukit Merah Vw,150129,1.2835496,103.8239931,4.5,79,"{""Monday"": [""Open 24 hours""], ""Tuesday"": [""Open 24 hours""], ""Wednesday"": [""Open 24 hours""], ""Thursday"": [""Open 24 hours""], ""Friday"": [""Open 24 hours""], ""Saturday"": [""Open 24 hours""], ""Sunday"": [""Open 24 hours""]}",,https://lh3.googleusercontent.com/gps-cs-s/APNQkAGO0ovzQkBC77JMm4kSFSVqouMpKcLvZPwWRoGu25VzzBUKqruxEEBOHnqsiLlbmdc0WLLn6L1X9dfESvEBg_yrlQT7HBPwGppDVfBhBoaGULfFxvL4kNZLqLXHTOVsstQDCdg=w800-h500-k-no,,,ChIJt5yoIXMZ2jERwTPGvMYmWeQ
tingkat-delivery-best-healthy-tingkat-meals-in-singapore,Tingkat Delivery | Best Healthy Tingkat Meals in Singapore,Caterer,Confinement Food,North,,+65 6980 5608,http://www.tingkatdelivery.com/,tingkat@richfoodsg.com,"8A Admiralty St, #02-01 (Unit A FoodXchange @ Admiralty, Singapore 757437","8A Admiralty St, #02-01 (Unit A FoodXchange @ Admiralty",757437,1.4629971,103.8142723,4.0,270,"{""Monday"": [""9am-7pm""], ""Tuesday"": [""9am-7pm""], ""Wednesday"": [""9am-7pm""], ""Thursday"": [""9am-7pm""], ""Friday"": [""9am-7pm""], ""Saturday"": [""Closed""], ""Sunday"": [""Closed""]}","{""Service options"": {""Delivery"": true, ""Takeaway"": true}}",https://lh3.googleusercontent.com/gps-cs-s/APNQkAH1zByqsTN6psRlpLoqM-JJxRz-BtLJitsGes0eY8RGFSA7FoUPsLzRvRLgsKZSv0Acgl3sHxKWVWZXI1eKw6YdD4GmHqyFDgDPqevnJv9BU1uUBVnbwET4dWs_osnnFtOnKYkw=w800-h500-k-no,https://www.facebook.com/legal/,https://www.instagram.com/Tingkat.RichFood,ChIJAQAAAHET2jERnwrE68Nmx5k
mama-j-s-confinement-food,Mama J's Confinement Food,Caterer,Confinement Food,North-East,,+65 9855 4993,http://www.confinementfood.sg/,hello@confinementfood.sg,"Smart City Kitchens: Kitchen 20, 59, Jln Pemimpin, #01-03 & #01-04, 577218","Smart City Kitchens: Kitchen 20, 59, Jln Pemimpin, #01-03 & #01-04",577218,1.3510818,103.8425524,4.8,393,"{""Monday"": [""8am-3pm""], ""Tuesday"": [""8am-3pm""], ""Wednesday"": [""8am-3pm""], ""Thursday"": [""8am-3pm""], ""Friday"": [""8am-3pm""], ""Saturday"": [""8am-3pm""], ""Sunday"": [""8am-3pm""]}","{""From the business"": {""Identifies as women-owned"": true}, ""Service options"": {""Delivery"": true, ""Takeaway"": true}, ""Payments"": {""Debit cards"": true, ""Credit cards"": true}, ""Other"": {""Identifies as women-owned"": true}}",https://lh3.googleusercontent.com/gps-cs-s/APNQkAEKsQFn1qPRRh8u2JVVl6WqKNcg0tXx8yfMsxyy11ANvz2wxFL86EyJnhwZX8Gw7lHRql_VJu3NARIanWKXfuNYmmklYXb5_2Uie0T1UP6hXE5dtOHZdkX43e61VwmjUsWyxVb-oQ=w800-h500-k-no,https://www.facebook.com/confinementfoodsg/,https://www.instagram.com/confinementfoodsg,ChIJcdrL4TwV2jERVBfcQOn24PE
baoma-pre-postnatal-care,BaoMa - Pre & Postnatal Care,Massage spa,Postnatal Services,Central,,+65 9017 3199,https://baoma.com.sg/,info@baoma.com,"3 Croucher Rd, Rejoy Confinement Centre, Singapore 359566","3 Croucher Rd, Rejoy Confinement Centre",359566,1.3448691,103.8653108,4.9,218,"{""Monday"": [""10am-9pm""], ""Tuesday"": [""10am-9pm""], ""Wednesday"": [""10am-9pm""], ""Thursday"": [""10am-9pm""], ""Friday"": [""10am-9pm""], ""Saturday"": [""10am-9pm""], ""Sunday"": [""10am-9pm""]}","{""Service options"": {""On-site services"": true}, ""Amenities"": {""Toilet"": true}, ""Planning"": {""Appointment required"": true, ""Appointments recommended"": true}}",https://lh3.googleusercontent.com/gps-cs-s/APNQkAFl7pLy88LSGHKkKIfRhftftw54D5f-eaHDZG_jRcHz-lf_xvo_ENkjHENI2TdyZcZ2IhNwI7bpkybP65PcuTo_u4yhlXMXP_kXw072xNM6eHicwHyuqKvI-UlkX-DMMrJntfDs_A=w800-h500-k-no,,,ChIJsfn190IZ2jERi83J7DKrQik
chong-hoe-healthcare-tcm-bukit-timah,Chong Hoe Healthcare TCM @Bukit Timah,Chinese Physician Clinic,Postnatal Services,West,wheelchair-accessible,+65 8883 2363,https://www.chonghoehealthcare.com/,chonghoehealthcare@gmail.com,"144 Upper Bukit Timah Rd, #02-14, Singapore 588177","144 Upper Bukit Timah Rd, #02-14",588177,1.3423741,103.7762593,5.0,95,"{""Monday"": [""10am-7pm""], ""Tuesday"": [""9am-9pm""], ""Wednesday"": [""9am-9:30pm""], ""Thursday"": [""9am-9pm""], ""Friday"": [""Closed""], ""Saturday"": [""9am-7pm""], ""Sunday"": [""9am-7pm""]}","{""Service options"": {""On-site services"": true}, ""Accessibility"": {""Wheelchair-accessible car park"": true, ""Wheelchair-accessible entrance"": true}, ""Amenities"": {""Toilet"": true}, ""Planning"": {""Appointment required"": true, ""Appointments recommended"": true}, ""Payments"": {""Debit cards"": true, ""Credit cards"": true}}",https://lh3.googleusercontent.com/gps-cs-s/APNQkAFz7wLORf6cw8-8DKg1T3OEAqRyJZk5TOVo4q6NjS2GdzgWfnlSNW9TsF_zQ3JoP-jn6_42otk076vZ99ZzffRiKxw7Ib_LlJoMmDgHspOSNnxjeENInZzgolwogGIrO6A9SA2A=w800-h500-k-no,http://www.facebook.com/chonghoehealthcare,,ChIJZex8wg0R2jERCKHRTbULeSY
ukashah-confinement-meals,Ukashah Confinement Meals,Food producer,Confinement Food,West,,+65 9623 9036,https://ukashahconfinement.com/,enquiry@ukashahconfinement.com,"1 W Coast Dr, #01-101, Singapore 128020","1 W Coast Dr, #01-101",128020,1.3164853,103.7573965,4.5,16,"{""Monday"": [""9am-12pm""], ""Tuesday"": [""9am-12pm""], ""Wednesday"": [""9am-12pm""], ""Thursday"": [""9am-12pm""], ""Friday"": [""9am-12pm""], ""Saturday"": [""9am-12pm""], ""Sunday"": [""Closed""]}","{""Service options"": {""Delivery"": true}}",https://lh3.googleusercontent.com/gps-cs-s/APNQkAHvO8rAkzc06Eo7mASIcw_a_MYjR5duVRKB6m7C8zpg0XIot1DNm7TbSsy7jlXLyF2NPDS6UiWqnjk6m8-2KzUZJKRZ2eHCvvSOgcs9YZrWxGUkbeSXVgbRMPKIVSTrMgAMEcdr=w800-h500-k-no,,https://www.instagram.com/ukashah_confinement,ChIJ2bIN_2ob2jERLK_diuIrET0
beloved-bumps-singapore,Beloved Bumps Singapore,Pregnancy care center,,Central,wheelchair-accessible,+65 8298 1375,https://belovedbumps.sg/,belovedbumps@gmail.com,"237 Alexandra Rd, #04-10, Singapore 159929","237 Alexandra Rd, #04-10",159929,1.2911862,103.8137728,5.0,285,"{""Monday"": [""9am-5pm""], ""Tuesday"": [""9am-5pm""], ""Wednesday"": [""9am-5pm""], ""Thursday"": [""9am-5pm""], ""Friday"": [""9am-5pm""], ""Saturday"": [""9am-12pm""], ""Sunday"": [""Closed""]}","{""From the business"": {""Identifies as women-owned"": true}, ""Service options"": {""On-site services"": true}, ""Accessibility"": {""Wheelchair-accessible car park"": true, ""Wheelchair-accessible entrance"": true}, ""Amenities"": {""Toilet"": true}, ""Planning"": {""Appointments recommended"": true}, ""Payments"": {""Debit cards"": true, ""Credit cards"": true}, ""Children"": {""Nursing room"": true}, ""Parking"": {""Paid multi-storey car park"": true}, ""Other"": {""Identifies as women-owned"": true}}",https://lh3.googleusercontent.com/gps-cs-s/APNQkAEhLRjtLnX1Et6LKLngUXvWG4-FrrR1PuAVniEG-XSEFsKjHL6gqm7GPd6aFEpjejKQWLLjJ9JqNrw-HmWHZrRhCR9pV2dFrOCSCietq8YMpZboowhb1Tv6BYY-kitHKj9UNSj1l55OJ6sR=w800-h500-k-no,https://www.facebook.com/belovedbumpssg/,https://www.instagram.com/belovedbumps,ChIJq6rqvqAZ2jER9FvuY1rbvek
nanny-moon,Nanny Moon,Child care agency,Nanny Agency,Central,,+65 3129 5393,https://nannymoon.sg/,sales@nannymoon.sg,"79 Anson Rd, Singapore 079906",79 Anson Rd,79906,1.2742752,103.8456739,4.7,167,"{""Monday"": [""10am-7pm""], ""Tuesday"": [""10am-7pm""], ""Wednesday"": [""10am-7pm""], ""Thursday"": [""10am-7pm""], ""Friday"": [""10am-7pm""], ""Saturday"": [""10am-6:30pm""], ""Sunday"": [""Closed""]}",,https://lh3.googleusercontent.com/gps-cs-s/APNQkAFxbMqGJ9fxTXdhW1mQvQRhpH1yA4QMDK7ZveFhmunNgLGzz7AMrnGsByWNrEQqS9_TUvqyc6psxGynXaz7yT3olruAvrvmpOsbXB45qepfKMhClCMbZouCOygVav7XpxnkG24Yoxs0Yj8U=w800-h500-k-no,https://www.facebook.com/Nannymoonsg,https://www.instagram.com/nannymoonsg,ChIJVVVFuhQZ2jER3RcdXeIa_Vk
madam-partum-by-chien-chi-tow-tcm-clinic,Madam Partum by Chien Chi Tow TCM Clinic,Chinese Physician Clinic,Postnatal Services,East,wheelchair-accessible,+65 6663 3933,http://www.madampartum.com/,enquiry@madampartum.com,"192-196 Tanjong Katong Rd, Singapore 436995",192-196 Tanjong Katong Rd,436995,1.307973,103.894998,4.7,406,"{""Monday"": [""10am-10pm""], ""Tuesday"": [""10am-10pm""], ""Wednesday"": [""10am-10pm""], ""Thursday"": [""10am-10pm""], ""Friday"": [""10am-10pm""], ""Saturday"": [""10am-6pm""], ""Sunday"": [""10am-6pm""]}","{""Service options"": {""On-site services"": true}, ""Accessibility"": {""Wheelchair-accessible entrance"": true}, ""Amenities"": {""Toilet"": true}, ""Planning"": {""Appointments recommended"": true}, ""Payments"": {""Credit cards"": true, ""Debit cards"": true, ""NFC mobile payments"": true}}",https://lh3.googleusercontent.com/gps-cs-s/APNQkAHaIGWaCdnVWEfBJhWfMPMO6TYGIWjttc7NVEDIU8W5Mz1_sSp-H_-jp6brIzAsVcGVlqNuDq3diHr4-uiyDs1OyT-Y8VmVG2PGV63tLn4tgAvsbebKcp6OMVKtgaC4cbEcjBQh=w800-h500-k-no,http://www.facebook.com/madampartum,,ChIJ5VuqzxQY2jERh9p6O0pfFDA
chilli-padi-confinement-food-delivery,Chilli Padi Confinement Food Delivery,Caterer,Confinement Food,East,,+65 6914 9900,https://www.chillipadiconfinement.com/,confinement@chillipadi.com.sg,"3015 Bedok North Street 5, #04-21 Shimei East Kitchen, Singapore 486350","3015 Bedok North Street 5, #04-21 Shimei East Kitchen",486350,1.3369246,103.9475734,4.6,368,"{""Monday"": [""9am-6pm""], ""Tuesday"": [""9am-6pm""], ""Wednesday"": [""9am-6pm""], ""Thursday"": [""9am-6pm""], ""Friday"": [""9am-6pm""], ""Saturday"": [""9am-12:30pm""], ""Sunday"": [""Closed""]}","{""Service options"": {""Delivery"": true, ""Takeaway"": true}}",https://lh3.googleusercontent.com/gps-cs-s/APNQkAEuKyqO6yBC0nrVYX7Oa64OHJEvxOjXIhp-1JdGqlye80Or08mnb8aoqZd1ZVqMeSb_m3VVYZEFpQWnhnmtP95PrBeLroF9l6h_Mi6J_IjgtnhjfiYr8D9axzDqLXVVxSfFSV4g=w800-h500-k-no,https://facebook.com/chillipadiconfinement,http://instagram.com/chillipadiconfinement,ChIJ5yW56Do92jERw1eXOkLZBRQ
relacto,ReLacto,Caterer,Confinement Food,North,,+65 6360 1000,https://relacto.com.sg/,sales@relacto.com.sg,"81 Tagore Ln, #01-11 TAG A Singapore 787502, Singapore 787502","81 Tagore Ln, #01-11 TAG A Singapore 787502",787502,1.3872542,103.8291726,4.8,365,"{""Monday"": [""10am-7pm""], ""Tuesday"": [""10am-7pm""], ""Wednesday"": [""10am-7pm""], ""Thursday"": [""10am-7pm""], ""Friday"": [""10am-7pm""], ""Saturday"": [""10am-7pm""], ""Sunday"": [""10am-7pm""]}","{""Service options"": {""Delivery"": true, ""Takeaway"": true}, ""Payments"": {""Debit cards"": true, ""NFC mobile payments"": true, ""Credit cards"": true}}",https://lh3.googleusercontent.com/gps-cs-s/APNQkAFeHsvy39x89NSzDDciHRSVsmW1iX4gFr59bTat7tPr1MPLT07gjNs_Z1GWNQ2KN9c9JluqA6aFguFTKV36NPXMoboHoBkWyXqvZ9_MBmv-ni1-L21ELJxvBdTLVi77ZO1HVszp=w800-h500-k-no,https://www.facebook.com/relactosg/,https://www.instagram.com/relactosg,ChIJme43EegX2jERI5BYvPrTnA4
kim-paradise-tingkat-food-healthy-meal-delivery-in-singapore,Kim Paradise – Tingkat Food & Healthy Meal Delivery In Singapore,Caterer,Confinement Food,West,,+65 6255 1000,https://www.kimparadise.com.sg/,enquiry@kimparadise.com.sg,"30B Quality Rd, Singapore 618826",30B Quality Rd,618826,1.3291387,103.7090975,4.3,712,"{""Monday"": [""9am-7:30pm""], ""Tuesday"": [""9am-7:30pm""], ""Wednesday"": [""9am-7:30pm""], ""Thursday"": [""9am-7:30pm""], ""Friday"": [""9am-7:30pm""], ""Saturday"": [""9am-7pm""], ""Sunday"": [""9am-7pm""]}","{""Service options"": {""Delivery"": true, ""Takeaway"": true}, ""Payments"": {""Credit cards"": true, ""Debit cards"": true}}",https://lh3.googleusercontent.com/gps-cs-s/APNQkAGWZB-Qj5Worhr8kFlnBOwurSffFKHoTnR4XN_siCXMdk0QPGwjLXbB6BGJosnRDCbTqb_oltXbARi0fkwmfGTIf1cZnUYboX-doyTk_1QoBydeep1mYXnUijmgB9D95mPzh39i=w800-h500-k-no,https://www.facebook.com/kimparadisesingapore/,https://www.instagram.com/kimparadisesg,ChIJ0_9FVzQP2jER1lXOJMSy_AQ
nannypro-pte-ltd,NannyPro Pte Ltd,Child care agency,Nanny Agency,North-East,,+65 6994 3009,http://www.nannypro.com.sg/,care@nannypro.com.sg,"203 Hougang St 21, #03-77, Singapore 530203","203 Hougang St 21, #03-77",530203,1.3581182,103.8844493,4.9,188,"{""Monday"": [""9am-6pm""], ""Tuesday"": [""9am-6pm""], ""Wednesday"": [""9am-6pm""], ""Thursday"": [""9am-6pm""], ""Friday"": [""9am-6pm""], ""Saturday"": [""Closed""], ""Sunday"": [""Closed""]}","{""From the business"": {""Identifies as women-owned"": true}, ""Other"": {""Identifies as women-owned"": true}}",https://lh3.googleusercontent.com/gps-cs-s/APNQkAHlWV_cSmzTbSskHhGAVTPulAiJELvtHOq_sKGTBkEV14Hwb3GvkTtEzkrrDVv-HiN9JAxCYMh82rq1txyuF14uufM-1lFGgQ4Xds1FJFPgNyvINWdKuovqqg7e1O-PqlwDtS-d=w800-h500-k-no,https://www.facebook.com/nannyprosg,https://www.instagram.com/nannypro_ig,ChIJpcodKAYa2jERenkuPwPXqTM
warda-doula-care,Warda Doula Care,Doula,Postnatal Services,North-East,24-hour,+65 9880 1417,https://www.wardadoulacare.com/,warda@wardayusoffdoula.com,"244 Hougang Street 22, Singapore 530244",244 Hougang Street 22,530244,1.3581372,103.8920317,5.0,34,"{""Monday"": [""Open 24 hours""], ""Tuesday"": [""Open 24 hours""], ""Wednesday"": [""Open 24 hours""], ""Thursday"": [""Open 24 hours""], ""Friday"": [""Open 24 hours""], ""Saturday"": [""Open 24 hours""], ""Sunday"": [""Open 24 hours""]}","{""Crowd"": {""LGBTQ+ friendly"": true}, ""Other"": {""LGBTQ+ friendly"": true}}",https://streetviewpixels-pa.googleapis.com/v1/thumbnail?panoid=6H2YSqOBiDZaM3kQJCk7bw&cb_client=search.gws-prod.gps&w=800&h=500&yaw=160.45328&pitch=0&thumbfov=100,,,ChIJn2V0r3sk34wR0G3noLaxCHg
babies-bellies,Babies Bellies,Massage therapist,Postnatal Services,Central,wheelchair-accessible,+65 9228 6372,http://www.babiesbellies.sg/,enquiries@babiesbellies.sg,"10 Sinaran Dr, #04 - 39-44, Singapore 307506","10 Sinaran Dr, #04 - 39-44",307506,1.3206513,103.8443689,4.8,211,"{""Monday"": [""10am-8pm""], ""Tuesday"": [""10am-8pm""], ""Wednesday"": [""10am-8pm""], ""Thursday"": [""10am-8pm""], ""Friday"": [""10am-8pm""], ""Saturday"": [""10am-8pm""], ""Sunday"": [""10am-8pm""]}","{""From the business"": {""Identifies as women-owned"": true}, ""Service options"": {""Outdoor services"": true, ""On-site services"": true}, ""Accessibility"": {""Wheelchair-accessible car park"": true, ""Wheelchair-accessible entrance"": true, ""Wheelchair-accessible seating"": true, ""Wheelchair-accessible toilet"": true}, ""Amenities"": {""Restaurant"": false}, ""Planning"": {""Appointment required"": true}, ""Payments"": {""Credit cards"": true, ""Debit cards"": true, ""NFC mobile payments"": true}, ""Other"": {""Identifies as women-owned"": true}}",https://lh3.googleusercontent.com/gps-cs-s/APNQkAGGpSPoSUMBczURT2-J9jF5jWAaGMhl3lzNg03anewwyhOs0lm0ipzC00VyULauUMExDcYzSpL62Y-G-bIiokWcYYUY2a8O26DDbq3WxnRY6BDzBa2xdzL46C05weRFYPqTqeB8=w800-h500-k-no,https://www.facebook.com/BabiesbelliesSG/,,ChIJMaYQW-cZ2jERJPfggTeTwn0
pk-women-s-specialist-gynae-clinic-gynaecology-women-s-healt,"PK Women's Specialist & Gynae Clinic - Gynaecology | Women's Health | Pregnancy Package, Postnatal Care - Dr. Tan Poh Kok",Specialized clinic,,Central,wheelchair-accessible,+65 6636 9909,https://pkwomensclinic.com/,enquiry@pkwomensclinic.com,"2 Tai Thong Cres, #01-12 The Venue Residences/Shoppes, Singapore 347836","2 Tai Thong Cres, #01-12 The Venue Residences/Shoppes",347836,1.3292466,103.8689931,4.9,59,"{""Monday"": [""9am-1pm"", ""2-5:30pm"", ""6:30-9pm""], ""Tuesday"": [""9am-1pm"", ""2-5:30pm""], ""Wednesday"": [""9am-1pm"", ""2:30-5:30pm"", ""6:30-9pm""], ""Thursday"": [""9am-1pm"", ""2-5:30pm""], ""Friday"": [""Closed""], ""Saturday"": [""9am-12:30pm""], ""Sunday"": [""Closed""]}","{""Accessibility"": {""Wheelchair-accessible car park"": true}, ""Planning"": {""Appointments recommended"": true}, ""Payments"": {""Credit cards"": true, ""Debit cards"": true, ""NFC mobile payments"": true}}",https://lh3.googleusercontent.com/gps-cs-s/APNQkAEf26O2_QjB2QYk7HItzevOAuCA35eRWSs8cvuFkszb9RSgYECR-mjEVZMU1brKkE0qAdiVbR9qhYI3iO6iEWYH9DDoJbsI1EZkiDB5m3rhh7jdcURBwUmjEcszYyUp451vtbA9aQ=w800-h500-k-no,,,ChIJab7g08UX2jERZ7-2-ZaCHHk
ample-life-wellness-beauty,Ample Life - Wellness & Beauty,Wellness center,Postnatal Services,Central,wheelchair-accessible,+65 6970 1155,https://www.amplelife.com.sg/,royalsq@amplelife.com.sg,"103 Irrawaddy Rd, #02-19 Royal Square at Novena and Royal Square Medical Centre, Singapore 329566","103 Irrawaddy Rd, #02-19 Royal Square at Novena and Royal Square Medical Centre",329566,1.3204496,103.8430571,4.9,385,"{""Monday"": [""Closed""], ""Tuesday"": [""11am-9pm""], ""Wednesday"": [""11am-9pm""], ""Thursday"": [""11am-9pm""], ""Friday"": [""10am-6pm""], ""Saturday"": [""10am-7pm""], ""Sunday"": [""10am-6pm""]}","{""From the business"": {""Identifies as women-owned"": true}, ""Service options"": {""On-site services"": false}, ""Accessibility"": {""Wheelchair-accessible seating"": true, ""Wheelchair-accessible toilet"": true}, ""Amenities"": {""Restaurant"": false}, ""Payments"": {""Credit cards"": true, ""Debit cards"": true, ""NFC mobile payments"": true}, ""Children"": {""Family discount"": true}, ""Parking"": {""Paid multi-storey car park"": true}, ""Other"": {""Identifies as women-owned"": true}}",https://lh3.googleusercontent.com/gps-cs-s/APNQkAFqJ_xi0r0w6X_poMq8CdbZlOLE4wLeaBPc5tAR9eiKGyhhMa2eK7uqx7HgyAPGQ9Cu75jJJHiOimqF0G2ELOd7PzT8WB13s_g5Q1Cn-AEhR2Ub65Cppepx0UmmRTwCQGRLEao=w800-h500-k-no,https://www.facebook.com/amplelifeSG/,https://www.instagram.com/amplelifesg,ChIJtxoKOr0Z2jERYjF99n1NKDE
mumsrelle-pte-ltd,Mumsrelle Pte. Ltd.,Pregnancy care center,,Central,,+65 6390 1210,https://mumsrelle.com/,tech@mumsme.com,"277 Orchard Rd, #03-06, Singapore 238858","277 Orchard Rd, #03-06",238858,1.300459,103.8393516,4.7,108,"{""Monday"": [""10am-8pm""], ""Tuesday"": [""10am-8pm""], ""Wednesday"": [""10am-8pm""], ""Thursday"": [""10am-8pm""], ""Friday"": [""10am-8pm""], ""Saturday"": [""10am-8pm""], ""Sunday"": [""10am-8pm""]}","{""Service options"": {""On-site services"": true}, ""Amenities"": {""Wi-Fi"": true}, ""Planning"": {""Appointment required"": true}, ""Payments"": {""Credit cards"": true, ""Debit cards"": true, ""NFC mobile payments"": true}, ""Parking"": {""Paid multi-storey car park"": true}}",https://lh3.googleusercontent.com/gps-cs-s/APNQkAHRMd80cFRG5ufYnzCv45TGZ7Bnqts8N9sSlXacBQAP-GDDSTBADknXRO-9kyZG8cEdI2LKMmLNhLcO0_15GzBkyN_H_m6nNXNXYGQrfGxj6GwHEtHTIXzsL9Y2Q6PwKya_5MzZ=w800-h500-k-no,https://www.facebook.com/Mumsrelle,https://www.instagram.com/mumsrelle,ChIJKQloFeUZ2jERNSfvv1YrMC8
m-wellness-pte-ltd,M.Wellness Pte Ltd,Wellness program,Postnatal Services,North-East,wheelchair-accessible,+65 9777 0309,https://mwellness.sg/,info@mwellness.sg,"40 Jln Pemimpin, #03-06D Tat Ann Building, Singapore 577185","40 Jln Pemimpin, #03-06D Tat Ann Building",577185,1.348164,103.8425763,4.9,42,"{""Monday"": [""10am-9pm""], ""Tuesday"": [""10am-9pm""], ""Wednesday"": [""10am-9pm""], ""Thursday"": [""10am-9pm""], ""Friday"": [""10am-9pm""], ""Saturday"": [""10am-4pm""], ""Sunday"": [""Closed""]}","{""From the business"": {""Identifies as women-owned"": true}, ""Accessibility"": {""Wheelchair-accessible car park"": true}, ""Payments"": {""Credit cards"": true, ""Debit cards"": true, ""NFC mobile payments"": true}, ""Other"": {""Identifies as women-owned"": true}}",https://lh3.googleusercontent.com/gps-cs-s/APNQkAHmaGVZEKO1CrpHRbnD3sga0Ye7EAcNvjFoPf1GYdRCz8Euy4JBHiZngaIKVNeodYsBAviOqwqj5rnvMVXtVM-boExz0E1fANw3MMkAhCo0no-N13V4tBrsOJr2cxhpwUK1F61G=w800-h500-k-no,https://www.facebook.com/M.Wellnesssingapore/,https://www.instagram.com/mwellnesssg,ChIJUZeGnEUR2jERDAEFKZ8SSqc
orchard-clinic,Orchard Clinic (Orchard branch),Wellness center,Postnatal Services,Central,wheelchair-accessible,+65 6235 4560,https://www.orchardclinic.com/,method@orchardclinic.com,"302 Orchard Rd, #09-01A Tong Building, Singapore 238862","302 Orchard Rd, #09-01A Tong Building",238862,1.3040511,103.8348476,4.9,214,"{""Monday"": [""9am-6pm""], ""Tuesday"": [""9am-8pm""], ""Wednesday"": [""9am-8pm""], ""Thursday"": [""9am-8pm""], ""Friday"": [""9am-6pm""], ""Saturday"": [""9am-6pm""], ""Sunday"": [""Closed""]}","{""Service options"": {""On-site services"": true}, ""Accessibility"": {""Wheelchair-accessible car park"": true, ""Wheelchair-accessible entrance"": true}, ""Payments"": {""Credit cards"": true, ""Debit cards"": true, ""NFC mobile payments"": true}, ""Parking"": {""Paid multi-storey car park"": true}}",https://lh3.googleusercontent.com/gps-cs-s/APNQkAGs01Wql_6xuYqclpWY04qKs4yCir6ma_ImRurE2F2Gd8am1u0HquNwhYqldK7A_XwP4k5CyZuVaXnv1aCozMa4QA7VkphqfToaROF51_9TneZ3SinTwa8RcDNzdxTjZxAx6o8HWPBo-eZc=w800-h500-k-no,http://www.facebook.com/orchardclinicsg,https://www.instagram.com/orchard.clinic,ChIJf7wNbUQZ2jERi_KMTJJMU0Y
sarasa-spa-at-home-postnatal-massage-prenatal-singapore,sarasa spa at home/Postnatal massage/Prenatal/ Singapore/産前/産後マッサージ/シンガポール,Massage therapist,Postnatal Services,Central,,+65 9040 4260,https://sarasa-spa-at-home.my.canva.site/sarasa,sarasa.spa.at.home@gmail.com,Singapore 329980,,329980,1.35765,103.831394,5.0,45,"{""Monday"": [""9am-6pm""], ""Tuesday"": [""9am-6pm""], ""Wednesday"": [""9am-6pm""], ""Thursday"": [""9am-6pm""], ""Friday"": [""9am-6pm""], ""Saturday"": [""9am-5pm""], ""Sunday"": [""9am-5pm""]}","{""From the business"": {""Identifies as women-owned"": true}, ""Service options"": {""On-site services"": false}, ""Crowd"": {""LGBTQ+ friendly"": true}, ""Planning"": {""Appointment required"": true}, ""Other"": {""LGBTQ+ friendly"": true, ""Identifies as women-owned"": true}}",https://lh3.googleusercontent.com/gps-cs-s/APNQkAHFE12HC8Nx_RjiDIWNZpVGZXTyeOZP1XvyNg4aeya7r3g8TfYi8iknSvoEjvXYsJ_f2HQ_xuuC0TMh5QFdCQ6EtT2G_ABRj0CCvzeiEAoChtM1CRlqVl3ljYG3iFl3yyF0MLg=w800-h500-k-no,,,ChIJVZSfneMOvYERokdYPAnoS9s
inspire-mum-baby-birth-prenatal-and-postnatal-fitness-swim-t,"Inspire Mum & Baby (Bendemeer) - Birth, Prenatal and Postnatal Fitness, Swim & Therapy",Baby swimming school,,Central,wheelchair-accessible,+65 9234 1866,https://inspiremumbaby.com/,info@inspiremumbaby.com,"1177 Serangoon Rd, #01-01, Singapore 328231","1177 Serangoon Rd, #01-01",328231,1.3260729,103.8663923,5.0,78,"{""Monday"": [""9am-6pm""], ""Tuesday"": [""9am-6pm""], ""Wednesday"": [""9am-6pm""], ""Thursday"": [""9am-6pm""], ""Friday"": [""9am-6pm""], ""Saturday"": [""9am-6pm""], ""Sunday"": [""9am-6pm""]}","{""From the business"": {""Identifies as women-owned"": true}, ""Service options"": {""Online classes"": true, ""On-site services"": true}, ""Accessibility"": {""Wheelchair-accessible seating"": true, ""Wheelchair-accessible toilet"": true}, ""Amenities"": {""Gender-neutral toilets"": true}, ""Crowd"": {""LGBTQ+ friendly"": true}, ""Planning"": {""Appointment required"": true}, ""Payments"": {""Credit cards"": true, ""Debit cards"": true}, ""Children"": {""Family discount"": true}, ""Parking"": {""On-site parking"": true, ""Paid multi-storey car park"": true, ""Paid parking lot"": true}, ""Other"": {""LGBTQ+ friendly"": true, ""Identifies as women-owned"": true}}",https://lh3.googleusercontent.com/gps-cs-s/APNQkAFuubXuzPbfbuo7xpOsSXEEsxxBi49RExB0ZWdst0hZecuHmmDpjpvzzlienmbC4Zxkmrpl3gQMpb-naQPpsd3VychoFh89hIGth624PPsOTzFzsWWMV6X2_lr6a-82fQ4_oqomu_3ojBY=w800-h500-k-no,,,ChIJBRSP9m4Z2jER69v_pKCcBuo
